"FileName",1.3458252,45.758057,131.89087,218.02368,304.1565,390.2893,476.42212,562.55493,648.68774,734.82056,820.95337,907.0862,993.219,1079.3518,1165.4846,1251.6174,1337.7502,1423.883,1510.0159,1596.1487,1682.2815,1768.4143,1854.5471,1940.6799,2026.8127,2112.9456,2199.0784,2285.2112,2371.344,2457.4768,2543.6096,2629.7424,2715.8752,2802.008,2888.1409,2974.2737,3060.4065,3146.5393,3232.672,3318.805,3404.9377,3491.0706,3577.2034,3663.3362,3749.469,3835.6018,3921.7346,4007.8674,4094.0005,4180.1333,4266.266,4352.399,4438.5317,4524.6646,4610.7974,4696.93,4783.063,4869.196,4955.3286,5041.4614,5127.594,5213.727,5299.86,5385.9927,5472.1255,5558.2583,5644.391,5730.524,5816.6567,5902.7896,5988.9224,6075.055,6161.188,6247.321,6333.4536,6419.5864,6505.719,6591.852,6677.985,6764.1177,6850.2505,6936.3833,7022.516,7108.649,7194.7817,7280.9146,7367.0474,7453.18,7539.313,7625.446,7711.5786,7797.7114,7883.844,7969.977,8056.11,8142.2427,8228.372,8314.498,8400.623,8486.748,8572.873,8658.998,8745.123,8831.248,8917.373,9003.498,9089.623,9175.748,9261.873,9347.998,9434.123,9520.248,9606.373,9692.498,9778.623,9864.748,9950.873,10036.998,10123.123,10209.248,10295.373,10381.498,10467.623,10553.748,10639.873,10725.998,10812.123,10898.248,10984.373,11070.498,11156.623,11242.748,11328.873,11414.998,11501.123,11587.248,11673.373,11759.498,11845.623,11931.748,12017.873,12103.998,12190.123,12276.248,12362.373,12448.498,12534.623,12620.748,12706.873,12792.998,12879.123,12965.248,13051.373,13137.498,13223.623,13309.748,13395.873,13481.998,13568.123,13654.248,13740.373,13826.498,13912.623,13998.748,14084.873,14170.998,14257.123,14343.248,14429.373,14515.498,14601.623,14687.748,14773.873,14859.998,14946.123,15032.248,15118.373,15204.498,15290.623,15376.748,15462.873,15548.998,15635.123,15721.248,15807.373,15893.498,15979.623,16065.748,16151.873,16237.998,16324.123,16410.248,16496.373,16582.498,16668.623,16754.748,16840.873,16926.998,17013.123,17099.248,17185.373,17271.498,17357.623,17443.748,17529.873,17615.998,17702.123,17788.248,17874.373,17960.498,18046.623,18132.748,18218.873,18304.998,18391.123,18477.248,18563.373,18649.498,18735.623,18821.748,18907.873,18993.998,19080.123,19166.248,19252.373,19338.498,19424.623,19510.748,19596.873,19682.998,19769.123,19855.248,19941.373,20027.498,20113.623,20199.748,20285.873,20371.998,20458.123,20544.248,20630.373,20716.498,20802.623,20888.748,20974.873,21060.998,21147.123,21233.248,21319.373,21405.498,21491.623,21577.748,21663.873,21749.998,21836.123,
"/mnt/share/Music/Albums/B.B. King/1998 - Blues On The Bayou/01 - B.B. King - Blues Boys Tune.mp3",0.25666842,0.22881298,0.062037427,0.051523548,0.08839625,0.06668021,0.040053327,0.034550253,0.020610154,0.043044325,0.027354483,0.040071122,0.025128745,0.02408879,0.045078196,0.018434716,0.016706575,0.019208133,0.016493518,0.041671365,0.010745643,0.017855685,0.019600837,0.026032688,0.032907378,0.026008941,0.014809805,0.01695041,0.03978222,0.040872622,0.015885487,0.014204475,0.025517393,0.022060335,0.028016755,0.017674468,0.0164658,0.01704697,0.050753064,0.026000297,0.020370593,0.014146308,0.016602872,0.024255227,0.015810033,0.018758588,0.015172811,0.011411766,0.01692348,0.009715688,0.009841902,0.016599182,0.012749542,0.01020835,0.009190819,0.008233904,0.008301967,0.015090048,0.009749296,0.007587905,0.008266405,0.008221539,0.0077579054,0.007971046,0.006730489,0.0077759046,0.007993433,0.0089544235,0.007813625,0.006981625,0.0073284344,0.006919453,0.0076810075,0.0078100236,0.0069207535,0.0066415505,0.007967798,0.007136127,0.008160258,0.0065181134,0.0064691575,0.006701586,0.006136153,0.0056742514,0.006195377,0.00641851,0.007870196,0.006438678,0.0047562127,0.0061467486,0.0058864034,0.0067555136,0.005814302,0.0060348297,0.005055225,0.006010618,0.0061522448,0.005518473,0.0050603407,0.0056523234,0.005600871,0.004928426,0.004803852,0.004835091,0.0049036834,0.0052744746,0.0052829413,0.0050095585,0.00512638,0.0041874,0.0043253764,0.0045603407,0.00469005,0.0047863205,0.005646511,0.005639033,0.0046873605,0.0048019895,0.004804671,0.0040370096,0.0045050117,0.0046032746,0.0044632736,0.004814743,0.005162052,0.0046146726,0.004018025,0.0043367553,0.004044625,0.0043364423,0.0044112895,0.004314032,0.0038509164,0.0041297427,0.0039934507,0.003382873,0.0035380193,0.0037181864,0.0038982972,0.00425359,0.0038765708,0.0035045089,0.0035896138,0.0034589183,0.0031650306,0.003340175,0.0037131442,0.0036652414,0.0034216675,0.0034514447,0.0035554592,0.0027788177,0.003020241,0.0030170043,0.0031043468,0.0032177304,0.0033308503,0.0031560317,0.003107053,0.0028249868,0.002719352,0.0028159723,0.002830983,0.003202775,0.0029747933,0.0027365873,0.0032641336,0.0027845737,0.0025810152,0.0027555758,0.0028137423,0.002769268,0.0028573864,0.0027350837,0.0030797198,0.003049941,0.0028669122,0.002650294,0.0025863983,0.0025929513,0.002661746,0.0027620196,0.0026947618,0.0029482085,0.002912671,0.002862316,0.0026035244,0.0021815486,0.0021108012,0.0019047136,0.002477836,0.0025252537,0.002832053,0.0023499127,0.0022906298,0.0023199052,0.0020763208,0.0018116882,0.0017841866,0.0022363162,0.0020676644,0.002437376,0.0021430266,0.0020444575,0.0019282043,0.002181456,0.0019031671,0.0016928582,0.0017440722,0.0018305214,0.0018753498,0.0018953137,0.0018768734,0.0017230774,0.0018317415,0.0019497465,0.001708,0.0014934433,0.0016744222,0.0016783956,0.0016542788,0.001511843,0.0015247903,0.0017031902,0.0016023737,0.0015731069,0.0017282286,0.0014927569,0.0015079563,0.0015393969,0.0014789789,0.0014182666,0.0014439118,0.001586408,0.0015401753,0.0014256928,0.0014166518,0.0014353683,0.00145761,0.0014562665,0.0014188559,0.0014081708,0.0014398607,0.0014640547,0.0014514098,0.0014306752,0.0014346645,0.0014473598,0.0014818516,0.0014544644,0.0014389877,0.0014448584,0.0014543505,0.001454473,0.0014546057,
"/mnt/share/Music/Albums/B.B. King/1998 - Blues On The Bayou/02 - B.B. King - Bad Case Of Love.mp3",0.17637111,0.17489423,0.08379103,0.060871374,0.053164724,0.04373274,0.031148203,0.03383164,0.033513438,0.026247632,0.023031542,0.022303695,0.026118932,0.023346676,0.03189907,0.021356309,0.027104847,0.03072214,0.0291116,0.036646187,0.018269155,0.022467982,0.01986363,0.024807453,0.03341707,0.026572062,0.018239036,0.020279674,0.02884601,0.025257234,0.018742017,0.018280074,0.027946914,0.018036399,0.016864814,0.016337955,0.018984573,0.01812273,0.036152337,0.020867,0.01726386,0.015463948,0.017280428,0.018145194,0.014870942,0.017092742,0.015357885,0.01498589,0.02021001,0.015938057,0.015071353,0.019063752,0.018507477,0.013499084,0.013415499,0.013155426,0.014430972,0.015845405,0.013367441,0.012600985,0.014834945,0.014953206,0.015235976,0.013682958,0.015754802,0.018272094,0.01680529,0.015036789,0.014808461,0.01583665,0.016005892,0.018034417,0.01514295,0.015462255,0.01602455,0.013841593,0.014665239,0.015424899,0.015069883,0.017177796,0.013774307,0.012584351,0.014967756,0.011942788,0.0129831955,0.011601287,0.0133121805,0.012610468,0.010512662,0.013135839,0.0113546355,0.012801112,0.010291354,0.010690048,0.011741712,0.011797904,0.011793952,0.010647152,0.010597039,0.011562211,0.011516542,0.0109657105,0.010034439,0.011850776,0.011146316,0.012753091,0.012400798,0.011898845,0.011746235,0.013628126,0.012122066,0.010557927,0.0132826995,0.016055504,0.014339581,0.013657394,0.01012366,0.010913739,0.010761316,0.012299572,0.011674487,0.011101053,0.011533146,0.011371756,0.011824163,0.012778421,0.011057633,0.011595476,0.009817372,0.010429418,0.011434706,0.011242053,0.010502249,0.012145877,0.010888325,0.009490036,0.009431412,0.009740111,0.009434073,0.010283292,0.010648568,0.00964048,0.009554579,0.008547745,0.007642578,0.008141138,0.009772248,0.009457096,0.008989891,0.009106502,0.008892951,0.006963967,0.0076527833,0.0071744984,0.0072979885,0.008595672,0.0088101225,0.0074070287,0.0071629137,0.0068144626,0.006289974,0.0059529413,0.006544672,0.0077549964,0.0076250043,0.0070664617,0.007895673,0.006359106,0.0059528146,0.00621538,0.006597453,0.0065313154,0.006723891,0.0068997694,0.0067995843,0.0064028143,0.0064171487,0.005989643,0.005652763,0.006101409,0.005973645,0.0061989278,0.005971925,0.0064228005,0.006000493,0.005820473,0.004869777,0.0048862635,0.0047820625,0.004059396,0.004389213,0.0047018914,0.004951528,0.0046479916,0.004308111,0.004076268,0.003950435,0.003251858,0.002890641,0.0033167568,0.0035752994,0.004391982,0.0038280557,0.0034693647,0.0036247096,0.0038073417,0.0031318844,0.0027141196,0.0024690917,0.0025295417,0.0029762324,0.0032437763,0.0030704439,0.0031558876,0.0032969278,0.0031287319,0.0024523558,0.002140652,0.0023153834,0.0024724083,0.0026134003,0.0023558047,0.0025379427,0.0026827152,0.002321354,0.0022244805,0.0023482484,0.0019143603,0.0021666186,0.002266578,0.001972114,0.001767379,0.0018995531,0.0022200895,0.0020668367,0.0017805244,0.0016585025,0.0016327128,0.0016485781,0.0018411911,0.0016802234,0.0014836749,0.0015892378,0.0017198294,0.0016258513,0.001462187,0.0014268665,0.0014630335,0.0014982757,0.0014783592,0.0014241318,0.001404287,0.0014394224,0.0014005883,0.0014175908,
"/mnt/share/Music/Albums/B.B. King/1998 - Blues On The Bayou/03 - B.B. King - I'll Survive.mp3",0.21099815,0.21438284,0.05611821,0.06336531,0.05858838,0.045414805,0.047601685,0.03681464,0.04243063,0.043779235,0.035299174,0.03184257,0.036023393,0.048617464,0.028117234,0.030104512,0.023867471,0.024670564,0.028329514,0.018772006,0.02317706,0.020288961,0.024150029,0.025605537,0.02225484,0.019853802,0.021766616,0.033511724,0.022533538,0.018839672,0.022777084,0.01974758,0.021008566,0.015656259,0.022005577,0.013041908,0.018247122,0.016771993,0.014525444,0.012505436,0.014164946,0.015083314,0.012658685,0.011367158,0.01087675,0.013376776,0.013469469,0.011311515,0.010489266,0.011914093,0.010653443,0.0095979655,0.009354594,0.008360668,0.009106284,0.008665248,0.00976874,0.008598661,0.007847095,0.007828196,0.009462038,0.009568549,0.008674157,0.007980493,0.008531185,0.008961751,0.009171238,0.009573104,0.01021297,0.00849594,0.008439572,0.00863648,0.009434035,0.008663501,0.007957024,0.00786711,0.008481004,0.007686881,0.008145826,0.007926085,0.008332519,0.007799066,0.0072170533,0.006732842,0.0070210826,0.0066859606,0.0073002996,0.006490783,0.005903448,0.0068182885,0.0068226154,0.006581538,0.006119276,0.0064821877,0.0063373125,0.0064686798,0.0067692953,0.006470052,0.0068741785,0.0068753525,0.0064661163,0.006603087,0.007350703,0.0068653645,0.007050935,0.0074282526,0.0072161024,0.0068085454,0.007509704,0.007009614,0.0067542354,0.006291709,0.007279344,0.0068368404,0.008227644,0.008196036,0.0066384515,0.006497157,0.00647666,0.006675767,0.0068131974,0.0071621253,0.0073390575,0.0069096587,0.0073876074,0.0067612473,0.006336122,0.006886667,0.0058557354,0.0063057677,0.0074748136,0.007064807,0.0063227657,0.006683323,0.0066293883,0.00549409,0.0056396723,0.006461522,0.0059942044,0.006721007,0.006244476,0.005826316,0.0059081656,0.0053113834,0.00515243,0.005225826,0.00586149,0.005725815,0.0053239022,0.0057116575,0.0060465136,0.004401355,0.004622255,0.0045438376,0.004693232,0.005075846,0.005078073,0.004576658,0.004578365,0.0046219975,0.004361311,0.004102988,0.00422999,0.0049159494,0.0046054916,0.004292819,0.004941326,0.004612232,0.004223061,0.004172516,0.004213983,0.0040313187,0.00416611,0.0043705,0.0041273716,0.004219275,0.004245331,0.0041379174,0.0040893657,0.0039515197,0.0037819417,0.0040387926,0.0039369217,0.0040971185,0.004036739,0.0038744623,0.0033711437,0.0031321498,0.0032183744,0.0027668888,0.003145899,0.003289435,0.0034440933,0.0034055458,0.0029794255,0.0028481463,0.0027113063,0.0021878674,0.0021360244,0.0025552656,0.0025704107,0.0027131976,0.002728696,0.0027380157,0.0024382062,0.0023164703,0.0022066254,0.0021609834,0.0021394496,0.00222756,0.002258764,0.0023858554,0.0023025789,0.0021876812,0.0020829807,0.0020379357,0.0018522752,0.0018000181,0.0020337156,0.0020555074,0.002067247,0.0018437586,0.0019068879,0.0019009324,0.0017256403,0.0017999383,0.0018764725,0.0016829097,0.0017268573,0.0017985521,0.0017521029,0.0016503171,0.0017497652,0.0018762833,0.0017774566,0.0016544549,0.0016175874,0.0016126656,0.0016765898,0.0016811753,0.0016032779,0.0015537885,0.001570481,0.0015847425,0.0015682516,0.0015458604,0.0015515309,0.0015500111,0.0015659783,0.0015311916,0.0015126137,0.0015188277,0.0015345501,0.0015173074,0.0015030844,
"/mnt/share/Music/Albums/B.B. King/1998 - Blues On The Bayou/04 - B.B. King - Mean Old World.mp3",0.19230007,0.22361499,0.079087265,0.063446045,0.07507299,0.03805888,0.036641095,0.032433644,0.046442833,0.032188676,0.02632559,0.020776588,0.03384704,0.021482345,0.024133371,0.023097718,0.034389794,0.020574974,0.023290627,0.01942301,0.019316472,0.019957427,0.014814318,0.021700487,0.036961287,0.020438982,0.01475767,0.020690752,0.024766613,0.023406014,0.021563962,0.016892616,0.027787907,0.018432425,0.016730778,0.016102923,0.020327324,0.020054342,0.016235624,0.016519144,0.01912724,0.019286064,0.018056119,0.0189911,0.014916343,0.016325286,0.013941861,0.013912214,0.017294992,0.016743733,0.0154409185,0.011406001,0.011240485,0.010947662,0.011288866,0.012837039,0.0155943,0.011182568,0.010657346,0.011447053,0.012348187,0.013817736,0.01385903,0.012060588,0.013471716,0.013961192,0.01373648,0.015558697,0.014656289,0.0121524865,0.014156696,0.013892088,0.014599841,0.014223304,0.011532722,0.010993434,0.011846651,0.011193461,0.012089328,0.011959523,0.012302944,0.010984458,0.009820343,0.009365337,0.009823951,0.009145614,0.008111185,0.008584806,0.008075448,0.009321579,0.008936353,0.008826597,0.008529073,0.009205156,0.008003874,0.008323907,0.009324617,0.009057875,0.010010104,0.009123372,0.008960223,0.008767478,0.008493093,0.008516974,0.008980074,0.009557687,0.009297832,0.008538974,0.0095005855,0.009133055,0.00908429,0.008650108,0.009859531,0.008346448,0.011017705,0.011712039,0.008924365,0.009904957,0.009427469,0.009514823,0.008847187,0.009575236,0.010414223,0.011324294,0.012467472,0.009566724,0.008357206,0.009993722,0.007911265,0.008538142,0.009827465,0.010399436,0.009009326,0.009322702,0.010188058,0.007271078,0.0075615183,0.009225965,0.008274131,0.010039837,0.009380006,0.007686833,0.0077176834,0.0063360496,0.0056781285,0.00680702,0.008677437,0.008860226,0.006937683,0.008536882,0.008877221,0.0053689065,0.005724715,0.005593239,0.005757353,0.0061845146,0.007295481,0.0055198167,0.007493765,0.0057636704,0.005402425,0.005059003,0.0051478,0.0054689934,0.0054435576,0.005105084,0.0071171066,0.006052065,0.005248863,0.005262987,0.0050606793,0.0045097503,0.0045989566,0.0051265447,0.0048865187,0.0048000044,0.005114519,0.005352984,0.004666092,0.0043743267,0.0040377425,0.00434271,0.0042055296,0.0048992867,0.005366914,0.005117877,0.004281856,0.0037516968,0.0032105166,0.002312237,0.0026855157,0.0040478804,0.004624504,0.0044537424,0.0035219886,0.0032135968,0.0029029925,0.0019208917,0.0017267858,0.002069814,0.002261074,0.0025793072,0.0027256156,0.0027713634,0.0022388361,0.0020952155,0.0018070079,0.0021335832,0.0019474382,0.0018969241,0.0018797265,0.002050145,0.002102001,0.001933865,0.001963102,0.0017736683,0.001453694,0.0014380829,0.0016642289,0.001895081,0.0019256278,0.0017876837,0.0016603415,0.0015136196,0.0013681749,0.0015043046,0.0015051587,0.00134018,0.0014173194,0.0016143519,0.0015228523,0.0013229081,0.0013461286,0.0014875986,0.0015684153,0.0015452834,0.0013632469,0.0013585277,0.0013510201,0.0014194513,0.0013376224,0.001310482,0.0013260866,0.001353834,0.0013392003,0.0013113669,0.0013234273,0.0013482259,0.0013796128,0.0013750874,0.0013317637,0.0013228679,0.001328036,0.0013257316,0.0013278136,
"/mnt/share/Music/Albums/B.B. King/1998 - Blues On The Bayou/05 - B.B. King - Blues Man.mp3",0.2222493,0.19817941,0.059693564,0.04874512,0.08167839,0.04945225,0.037766263,0.03766704,0.03612704,0.041298524,0.021000111,0.023942744,0.033500995,0.021441953,0.034094606,0.017819768,0.028088482,0.021662332,0.022163836,0.04088899,0.018401505,0.021636793,0.017866652,0.022646278,0.036092196,0.02214125,0.017030032,0.018476916,0.02454198,0.03221752,0.01863558,0.014548205,0.020251943,0.020345116,0.019902484,0.015246912,0.018942043,0.013509182,0.017140264,0.016113566,0.013537964,0.011720976,0.010509363,0.012829106,0.011144168,0.00848507,0.008093014,0.0067812908,0.0076552383,0.011871024,0.008540308,0.008459955,0.009828981,0.00859369,0.0071853586,0.008656214,0.00904578,0.00864461,0.008630483,0.009640208,0.009881856,0.008985604,0.008770139,0.00787483,0.0073410794,0.008379229,0.008825608,0.0074608307,0.0081378035,0.00822449,0.00825376,0.008371626,0.007843619,0.008624732,0.008403888,0.0077878167,0.007899545,0.008120479,0.008973793,0.007766919,0.008294764,0.0076384926,0.007633618,0.007466025,0.008145735,0.007040979,0.0077355155,0.008200576,0.007809693,0.008334105,0.00713129,0.0072498946,0.006167419,0.006809141,0.007829631,0.008023765,0.007848042,0.006518053,0.0072822277,0.007312909,0.008109969,0.007667623,0.006123584,0.007995624,0.0072864667,0.0086859865,0.008024794,0.0078075966,0.0072149877,0.007582552,0.007351604,0.0063175806,0.007347162,0.00855053,0.009890813,0.009425626,0.0069821095,0.006908141,0.006879386,0.0075837905,0.0077895722,0.007587432,0.0068200794,0.0077834562,0.0076001636,0.008435649,0.007167153,0.007833552,0.0058086263,0.006656628,0.0077361655,0.007446469,0.0068279766,0.0076430864,0.0072903587,0.005739421,0.006214549,0.006954046,0.006035587,0.0070360345,0.007077342,0.006231738,0.0061093844,0.005929816,0.0054947236,0.006361427,0.0062910654,0.0067604166,0.0063064843,0.0056438297,0.0053799073,0.0041544735,0.0050608166,0.004931573,0.0053120777,0.0064175897,0.0065343343,0.0051612123,0.004979205,0.00444403,0.004184647,0.004020917,0.004278591,0.0053628576,0.0049980953,0.0048562875,0.0059249774,0.0046894345,0.004143133,0.004069652,0.0043221777,0.0042812945,0.004716214,0.0051340135,0.0047436384,0.004488189,0.0051904772,0.0039913575,0.0040515224,0.00417101,0.0039798557,0.0042862315,0.004846925,0.0046637957,0.00463834,0.00427373,0.003582844,0.003285798,0.0032131402,0.002772677,0.0033778502,0.0039359448,0.0037716436,0.0044057337,0.0047128317,0.0037361428,0.003286136,0.0025280246,0.0023125103,0.002798558,0.002635898,0.0032912316,0.003209828,0.0036986102,0.003942997,0.0034395407,0.0026367048,0.0024795872,0.0023690686,0.0024436607,0.0022902058,0.0027891838,0.002708905,0.0035646562,0.0030313805,0.0030380185,0.0022149852,0.0020327615,0.0024771101,0.0022328927,0.0021108084,0.0021171921,0.0027481485,0.002874331,0.0022950459,0.0024808946,0.0022981146,0.0017428738,0.0021731406,0.0020517425,0.00172559,0.0017372873,0.0020719403,0.0023717014,0.002290633,0.0018351587,0.002076742,0.0017276852,0.0017504214,0.0017199268,0.001567714,0.0015066315,0.0016312037,0.0018266514,0.0018517924,0.0015806876,0.0016462364,0.0017686221,0.001668863,0.0015560177,0.001469456,0.0014561302,0.0014904178,0.0015173367,0.0016136939,
"/mnt/share/Music/Albums/B.B. King/1998 - Blues On The Bayou/06 - B.B. King - Broken Promise.mp3",0.2199614,0.21998972,0.069712825,0.0635349,0.051728725,0.06749315,0.03623609,0.043270882,0.0463797,0.02274837,0.020431748,0.03841545,0.021705845,0.03024028,0.030586574,0.029313477,0.02425757,0.04011891,0.020188997,0.02485744,0.023546567,0.02106502,0.022464575,0.03724105,0.019960908,0.01991311,0.019986778,0.020291964,0.026605513,0.03224956,0.030073166,0.025890164,0.01767496,0.015618238,0.021618452,0.021746967,0.014446351,0.014021369,0.01679358,0.016589344,0.012697273,0.012177095,0.012185669,0.0104223015,0.011544096,0.014556923,0.020872936,0.01468217,0.014151001,0.013406678,0.0134113245,0.015151455,0.015530886,0.011618978,0.011188759,0.011394657,0.011402243,0.011174775,0.012351458,0.010589191,0.011604046,0.01266126,0.013734706,0.011945328,0.009637713,0.01159265,0.01288903,0.010668571,0.011188985,0.012094039,0.01140576,0.012877978,0.010143011,0.0116711585,0.01135391,0.0099685835,0.010010544,0.011062308,0.01164601,0.010545273,0.010468546,0.01035885,0.011733302,0.009801875,0.010822007,0.008471691,0.0100854365,0.0102782175,0.009278062,0.010946256,0.008122547,0.0089510465,0.007141564,0.00839161,0.009361057,0.00990556,0.009291528,0.0073745786,0.007909603,0.009048657,0.00950772,0.008945164,0.006989514,0.009560272,0.008237601,0.011343331,0.010186156,0.009355322,0.008486117,0.009479486,0.0085195415,0.0067161378,0.010066747,0.010512612,0.011446341,0.010367969,0.0073974663,0.007809968,0.007981085,0.009791731,0.009688057,0.008838674,0.007899504,0.0091488445,0.00868007,0.0094193425,0.007812828,0.009236557,0.006493687,0.0071877684,0.0081290845,0.0076256697,0.0069980165,0.008433149,0.00796772,0.006220793,0.006633473,0.006905623,0.00612411,0.0072106197,0.007973486,0.006744983,0.0067782644,0.006733751,0.0058907135,0.005886435,0.006757099,0.006600222,0.0062953257,0.0057875575,0.0054134442,0.0044780136,0.0058713346,0.0056484384,0.0052523417,0.007699359,0.007296091,0.005893525,0.004963295,0.004566282,0.0042564063,0.0040651765,0.00464674,0.0064335554,0.00600806,0.005357861,0.006323134,0.0045721657,0.0039128168,0.00421037,0.004482329,0.0046454566,0.005631859,0.0057083345,0.005830164,0.0053371657,0.004818035,0.0040762895,0.0041675386,0.004645197,0.0044854726,0.0046728654,0.0048631374,0.0052793147,0.005276825,0.0044879643,0.0037548677,0.003554566,0.0036277554,0.0031644073,0.0042851237,0.0039393166,0.0038370811,0.0043149353,0.004439249,0.0038644064,0.0037142525,0.00287724,0.002602889,0.0034453117,0.003122561,0.0036371723,0.003305362,0.0039841845,0.0039238487,0.003901227,0.0027928564,0.00232268,0.0026684518,0.003426602,0.0025204897,0.0030530496,0.0030345577,0.0038874936,0.0032141993,0.002793046,0.0021489982,0.0021032724,0.0029647434,0.0025434475,0.002218094,0.0022391095,0.0029797466,0.0029922265,0.0024145916,0.0024542443,0.0023785364,0.0018497455,0.0022567464,0.0020520922,0.0019139206,0.0019724302,0.0024852373,0.0026993859,0.0025649942,0.0017551614,0.0018925169,0.0018602369,0.00212679,0.0020996241,0.0018503291,0.0016681113,0.0017347441,0.0020140444,0.0020323659,0.0018663849,0.0017135388,0.0017864135,0.0018038375,0.0016838099,0.0015965487,0.0015928012,0.0016743639,0.0016881842,0.0018087955,
"/mnt/share/Music/Albums/B.B. King/1998 - Blues On The Bayou/07 - B.B. King - Darlin' What Happened.mp3",0.2254748,0.23306891,0.06815506,0.054415938,0.06846089,0.04514801,0.044129107,0.029153006,0.04618966,0.030383015,0.03139218,0.02056984,0.032589067,0.025049856,0.020637535,0.017952377,0.028873183,0.018827936,0.01900661,0.0143441735,0.023311827,0.016677137,0.012203686,0.014713703,0.025880463,0.015411712,0.01217474,0.022673791,0.021784114,0.022112822,0.023164451,0.019398041,0.02292833,0.018378709,0.019159345,0.013454886,0.017069943,0.015627997,0.012756126,0.0118713295,0.012986916,0.015316834,0.011999946,0.012044787,0.010070466,0.009674444,0.008897353,0.00936373,0.011177491,0.014241369,0.012241507,0.010453104,0.008916918,0.008412673,0.008053322,0.008641376,0.0092917485,0.008579038,0.008063077,0.008649279,0.009095238,0.011901906,0.010847763,0.008116715,0.009110348,0.009340475,0.009299523,0.009811183,0.009763582,0.008631169,0.008624026,0.008872174,0.009316602,0.0104919,0.009503762,0.008640361,0.0093048215,0.008380925,0.008652172,0.00832523,0.009252765,0.008680026,0.008508341,0.007856526,0.0077482117,0.007160074,0.00775717,0.007388759,0.00608535,0.0073536667,0.0068650055,0.0072079785,0.0069410843,0.007235837,0.006861721,0.006529133,0.006916096,0.0068000276,0.0073537966,0.0071835048,0.006994311,0.007323301,0.0072005936,0.0074777086,0.007553333,0.007911136,0.008004577,0.0073202755,0.0076761562,0.0075148153,0.0073398584,0.007144257,0.007944515,0.0073803216,0.00872351,0.009157823,0.007824041,0.0077952533,0.0076909605,0.007907946,0.007518281,0.008031743,0.0082555935,0.008504541,0.008551528,0.0077276104,0.006976912,0.008137679,0.0062419334,0.0067661484,0.007970167,0.0086206095,0.0076867244,0.007774344,0.007177682,0.005976287,0.006240468,0.0076691955,0.006925107,0.0087379515,0.0077460767,0.0075965757,0.0070124418,0.0056439233,0.00522521,0.005836761,0.007091171,0.0068037417,0.005909234,0.006355711,0.0064965,0.0049541453,0.0054411087,0.005064232,0.0051785307,0.0055004586,0.0060299663,0.004789351,0.005724339,0.0050549195,0.0047296025,0.0044546467,0.004560663,0.004753683,0.0049149245,0.004396827,0.0049333093,0.004811435,0.0043963394,0.0044246702,0.004391674,0.0041550705,0.0041168956,0.004395295,0.004176024,0.0043554287,0.004180903,0.004766084,0.0044439575,0.004068504,0.0038242643,0.0039388384,0.0038898706,0.0038066301,0.00419352,0.004125891,0.0034545076,0.003382239,0.0034316038,0.0025754573,0.0027464698,0.003093153,0.0032760664,0.0032669466,0.0029403118,0.0029666487,0.0029840383,0.0023429564,0.0021835763,0.0025638002,0.0027652294,0.0027123645,0.002750715,0.002637497,0.002560778,0.0024762675,0.0021787966,0.0020334893,0.00195694,0.0020040427,0.0023604736,0.0025061246,0.0023679459,0.0022064517,0.0023344408,0.0022495734,0.0019272375,0.0018636556,0.0020577766,0.0020882834,0.0022898417,0.001894768,0.0019520859,0.0021488513,0.002008407,0.002112831,0.0021270546,0.0017338577,0.0018681239,0.0020884746,0.0019355137,0.0017159567,0.001845661,0.002047773,0.0018906428,0.0017063777,0.0017077399,0.0017200212,0.0017554678,0.0020465674,0.0017911436,0.001605055,0.0017220097,0.0018152122,0.0017080997,0.0016036602,0.0015980339,0.0016223774,0.001628208,0.0017221826,0.001632284,0.0015762087,0.001620438,0.0015670176,0.0015542442,
"/mnt/share/Music/Albums/B.B. King/1998 - Blues On The Bayou/08 - B.B. King - Shake It Up And Go.mp3",0.19120269,0.20109312,0.06720055,0.04857682,0.059167758,0.05499053,0.038286056,0.040973946,0.03274325,0.051678482,0.027870256,0.030750025,0.032803718,0.021074966,0.036223646,0.016685842,0.03557541,0.02404993,0.019986607,0.048286792,0.019584887,0.02394865,0.018561412,0.019216603,0.026711319,0.019839536,0.017422626,0.019281961,0.029098716,0.034491275,0.01935401,0.019136246,0.030351581,0.034499846,0.03287847,0.02086106,0.025393842,0.017722126,0.024545187,0.018305056,0.01512516,0.012231473,0.011655154,0.020272454,0.01439781,0.012850397,0.010849882,0.010428263,0.012285558,0.013850038,0.010748403,0.010566733,0.011962601,0.015208513,0.01177144,0.011773815,0.012056882,0.0138289295,0.016570464,0.015910551,0.014583856,0.014779374,0.012610317,0.012747771,0.012636768,0.012680476,0.011966705,0.011952854,0.012275867,0.012253025,0.013776937,0.012668184,0.014002421,0.013611282,0.013217966,0.012424399,0.0131250415,0.01236452,0.012204852,0.01117936,0.011108438,0.0109327845,0.01027504,0.010023593,0.009883299,0.008728448,0.008720765,0.008858383,0.007991438,0.009192718,0.008836934,0.0087031135,0.008284009,0.008613105,0.008607767,0.008295262,0.008592989,0.008642233,0.008566068,0.0081949495,0.0079665035,0.008591367,0.008530064,0.008165147,0.008037458,0.008699778,0.008451547,0.008308735,0.008284345,0.0085264845,0.008399935,0.008227609,0.0077946484,0.007962286,0.008283116,0.008270551,0.007740525,0.0076853805,0.0077362177,0.007539171,0.0074259997,0.007510395,0.0073588453,0.0070721414,0.007005208,0.006975823,0.006751481,0.0067812335,0.0064129448,0.0065551726,0.00637772,0.006405858,0.006153999,0.006070776,0.005858773,0.005658524,0.005758892,0.005800558,0.0058317045,0.0060229236,0.005676959,0.0055665676,0.0054537053,0.005294765,0.005393649,0.0053743618,0.0053468742,0.0052318806,0.0050586266,0.005136204,0.0052013407,0.0047487994,0.004495224,0.0043886155,0.00435436,0.0044385474,0.0045223734,0.0042344076,0.0041552163,0.0039357226,0.003786253,0.0038050832,0.0038375878,0.0038663126,0.0038033726,0.0037404182,0.0037816195,0.0036036568,0.0034552591,0.0033344172,0.0033592375,0.0032520853,0.003344208,0.003348256,0.0034593747,0.0033424867,0.0032375886,0.00314017,0.0029184972,0.002967607,0.003009017,0.0030282584,0.002895159,0.0029034398,0.0028810073,0.0027410095,0.0019125304,0.0016984162,0.0016567264,0.0016279082,0.0016529127,0.0016898327,0.0016742288,0.00175162,0.0017432749,0.0016870855,0.0015481843,0.0014555649,0.0014552412,0.0014852188,0.0014765078,0.0014857737,0.0015125171,0.0015062669,0.0014954753,0.0014958639,0.0014191916,0.0013868711,0.0014002646,0.001413047,0.001409724,0.0013944049,0.0013893448,0.0014177824,0.0013999634,0.0014082107,0.001403456,0.0014065353,0.0014045999,0.0013873914,0.0013799894,0.0013800634,0.0013677855,0.0013788554,0.0013842193,0.0013872327,0.0013834011,0.001381101,0.0013836371,0.0013806904,0.0013780021,0.0013651556,0.001380836,0.0014003011,0.0014034705,0.0013889584,0.0013809205,0.0013856619,0.0013867385,0.001385678,0.0013859415,0.0013890568,0.0013852788,0.0013784677,0.001388746,0.00139209,0.0013935572,0.0013915399,0.0013915512,0.0013963758,0.0013954369,0.0013950247,0.0013915048,0.0013887506,0.0013919487,
"/mnt/share/Music/Albums/B.B. King/1998 - Blues On The Bayou/09 - B.B. King - Blues We Like.mp3",0.20050375,0.18304929,0.05965983,0.061307505,0.05870757,0.03273975,0.031557076,0.06076493,0.054297112,0.02928741,0.041186593,0.025364902,0.0356713,0.024606038,0.033498406,0.014321351,0.024403937,0.018008769,0.02372289,0.01927861,0.013940046,0.034112148,0.016922906,0.013910405,0.027459232,0.027602782,0.020367915,0.02532565,0.027125804,0.03228713,0.021429991,0.017422292,0.045837533,0.027569639,0.02016662,0.021387655,0.04096561,0.020155968,0.018344386,0.01658679,0.014553793,0.014379108,0.016948475,0.032238636,0.019300882,0.012628033,0.009638205,0.00913831,0.013341039,0.011141619,0.014358592,0.011837606,0.0105005605,0.009333135,0.008961784,0.0090209795,0.010865137,0.009991426,0.008648402,0.008678887,0.010969275,0.0095881615,0.009430048,0.0069864737,0.008091471,0.008977914,0.009252847,0.009344246,0.01117858,0.007786193,0.0075838137,0.009025302,0.01164396,0.010260212,0.008215776,0.0077957762,0.0075744092,0.0067184027,0.009208815,0.009481763,0.009634908,0.007345942,0.0065269144,0.0066156853,0.0073167644,0.007157685,0.007853349,0.006747958,0.00473554,0.006167705,0.0061270096,0.0065799025,0.0069260607,0.008107057,0.007429646,0.005876953,0.008266198,0.0068316027,0.007280319,0.006862296,0.007235131,0.007398927,0.0064123697,0.0069211596,0.0074708727,0.007467675,0.008131311,0.007841214,0.009155703,0.008147437,0.0073717674,0.007355516,0.010550006,0.00762193,0.010613851,0.010965926,0.008168448,0.009970754,0.00933212,0.009101651,0.009590766,0.010600793,0.0106371315,0.014092927,0.013804315,0.009866376,0.008974751,0.011169849,0.0077969935,0.009454546,0.011125404,0.015011712,0.012129429,0.01246363,0.010250996,0.0077984557,0.009774809,0.013205109,0.012441579,0.016762795,0.014326965,0.014066339,0.0128716035,0.00874466,0.0072571123,0.008271441,0.0124195805,0.012631261,0.00911241,0.015907507,0.017624125,0.008525261,0.009742792,0.008615169,0.0085065495,0.0087187495,0.010088873,0.0070565008,0.011610828,0.009985064,0.007306616,0.007665731,0.007729228,0.006425368,0.006930952,0.005976008,0.0069961045,0.0064638513,0.005934731,0.007485101,0.006794603,0.006052504,0.0056492942,0.006245349,0.005232244,0.007125475,0.006510156,0.008642628,0.0072865253,0.0058841463,0.0049037286,0.0050158487,0.004865356,0.005349917,0.0065125083,0.007197451,0.007156866,0.005363466,0.0037928584,0.0025736226,0.002720886,0.0036809652,0.0047401707,0.004283653,0.002924023,0.0030149592,0.002955207,0.0019205925,0.0017244671,0.001702193,0.0021426396,0.0026749251,0.0021483204,0.0017316027,0.0014178529,0.0014440358,0.0013604371,0.001409896,0.0013506077,0.0013253918,0.0014698214,0.0018233048,0.0017207605,0.0013595417,0.0013854877,0.0013223069,0.0012709225,0.0013363599,0.0013336155,0.0013907012,0.0016313882,0.0014531391,0.0012629966,0.0012659803,0.0012643168,0.0013901945,0.0013484106,0.0012613836,0.0012666967,0.0013139441,0.0013155978,0.0012268553,0.0012164508,0.001225248,0.0012505719,0.0012678389,0.001247594,0.0012357376,0.0012380667,0.0012511383,0.0012411906,0.0012385844,0.0012446817,0.001248703,0.0012471694,0.0012517143,0.0012503682,0.0012562866,0.0012649358,0.0012771334,0.0012758108,0.0012748734,0.001280608,0.0012772129,0.0012765282,
"/mnt/share/Music/Albums/B.B. King/1998 - Blues On The Bayou/10 - B.B. King - Good Man Gone Bad.mp3",0.20479017,0.20974697,0.07398725,0.05503986,0.05706058,0.05288421,0.043817744,0.03693899,0.037500698,0.038232822,0.03039199,0.033502426,0.045294605,0.060956303,0.028069578,0.029378561,0.035088394,0.025488315,0.052592333,0.033662643,0.029637165,0.027459819,0.030023245,0.035898652,0.02527551,0.02153376,0.026473237,0.04416799,0.032533705,0.025270496,0.034587,0.028915752,0.035764616,0.02203263,0.028204117,0.019881034,0.035321042,0.028100923,0.021765767,0.016966132,0.016553285,0.018419962,0.017597424,0.011986412,0.0134190265,0.016014297,0.021315778,0.015953192,0.0150713725,0.01979615,0.01716094,0.016795596,0.016803589,0.011949368,0.011988381,0.014762922,0.016031154,0.012791221,0.011753194,0.013343186,0.015932519,0.016884841,0.021595031,0.016800495,0.014604894,0.019616598,0.019697182,0.013234525,0.013892706,0.017901592,0.0154304365,0.019417914,0.012484584,0.016675554,0.01791173,0.014443147,0.01445821,0.017383292,0.020837286,0.015406294,0.015483799,0.012933286,0.01780483,0.0116770705,0.013775635,0.011265275,0.01743886,0.019879326,0.013864832,0.018384906,0.012451357,0.0143875135,0.008935561,0.010394728,0.015469251,0.01783794,0.015206683,0.009860355,0.010655843,0.013613088,0.014385793,0.015151631,0.008703135,0.016159564,0.012726195,0.017466623,0.015408305,0.011574199,0.012386652,0.01668269,0.015067798,0.013853289,0.014763097,0.016702116,0.014561197,0.015154848,0.0122996075,0.011162191,0.011883808,0.014744738,0.013213563,0.015396282,0.010013025,0.010828233,0.009730759,0.014553076,0.011486345,0.012065215,0.0074037537,0.009588935,0.009119823,0.0090969615,0.008735054,0.009693275,0.008878028,0.007378756,0.008224161,0.0078858165,0.007797392,0.0075583975,0.008564859,0.008114074,0.007939032,0.0068717357,0.006253549,0.005938537,0.006642158,0.0065686353,0.007405087,0.00658541,0.005337669,0.0049997494,0.006011657,0.0050758542,0.0048065935,0.0069571626,0.0063458234,0.0046113934,0.004574564,0.004645824,0.004352557,0.004308627,0.004911327,0.0057575945,0.004894098,0.0042500654,0.004343395,0.0041260794,0.003990571,0.0043458003,0.004663116,0.0050636563,0.0047802455,0.004437144,0.004145866,0.003830823,0.0040696887,0.003596537,0.003865945,0.0052212738,0.0045579174,0.0036811077,0.003388328,0.0039017356,0.0034292266,0.0034174076,0.0027525083,0.003443579,0.0032298444,0.0025184986,0.0025296127,0.0022701914,0.0024402307,0.002554299,0.0027526931,0.0025951704,0.0029085425,0.0023965947,0.001993443,0.0019159592,0.0018731132,0.0020587123,0.0020170566,0.0020375052,0.0029246772,0.0030087582,0.0022465696,0.002033809,0.0018733528,0.0019054346,0.0016965941,0.0016759696,0.0018730478,0.0024683825,0.0023222296,0.0018681221,0.0016638901,0.0016481946,0.0015447887,0.0015359743,0.0015772507,0.0017845219,0.0023856333,0.0022123454,0.001797001,0.0016518012,0.0015221557,0.0014942203,0.00161065,0.0016625491,0.0016017486,0.0019506877,0.0021458468,0.0018356021,0.0016078908,0.0014853444,0.0015279527,0.0015096792,0.0014679597,0.0015203006,0.0016369893,0.0016685475,0.0015561178,0.0015159121,0.0015039616,0.0014625605,0.001437841,0.0014438607,0.001450275,0.0014806979,0.0015614834,0.0015919413,0.0015259273,0.0014700141,0.0014465665,
"/mnt/share/Music/Albums/B.B. King/1998 - Blues On The Bayou/11 - B.B. King - If I Lost You.mp3",0.2029531,0.20927352,0.07045579,0.070531726,0.05801402,0.050166775,0.04328867,0.039193746,0.032802884,0.036519244,0.027650736,0.029803472,0.024025166,0.038365535,0.022361964,0.03104573,0.02626567,0.027571868,0.035952367,0.022684425,0.026454663,0.019220127,0.029680945,0.030388284,0.024509456,0.020888625,0.021910107,0.03642775,0.029834257,0.02736625,0.031598203,0.031632353,0.03035667,0.022884125,0.025630308,0.019870713,0.027316302,0.01755484,0.018132621,0.013708701,0.017886743,0.0154372575,0.012378386,0.01142757,0.010406711,0.018962188,0.016472697,0.011294896,0.013134283,0.01128509,0.010864639,0.0130963195,0.010686489,0.009742265,0.012376634,0.011231188,0.010625899,0.010077144,0.00975517,0.010036095,0.0111470595,0.012555319,0.012569466,0.010366989,0.010264836,0.011403527,0.012729181,0.011300558,0.0123722805,0.011839184,0.011119331,0.012415127,0.011344594,0.011977823,0.011950834,0.010538521,0.011241374,0.012035563,0.012505425,0.011728098,0.012249369,0.011395096,0.011732924,0.010386918,0.0125167845,0.010779978,0.011325341,0.011402481,0.009269817,0.011928218,0.0099835005,0.010738343,0.008937208,0.009444276,0.010125784,0.011072959,0.010063608,0.008225434,0.0100382855,0.010572417,0.010801916,0.010358759,0.009016034,0.010166063,0.010170273,0.01106302,0.011685531,0.010110461,0.010139368,0.010231222,0.010112398,0.00870659,0.010159417,0.010470728,0.012422942,0.012434367,0.009176891,0.009537553,0.00955623,0.010742738,0.01114071,0.0104052005,0.009695965,0.011403108,0.011597944,0.010930411,0.009883107,0.011807001,0.008101303,0.009505952,0.010342705,0.0102274595,0.008855858,0.01005718,0.0095190285,0.007125254,0.007822394,0.009252129,0.007865458,0.009117518,0.009397821,0.008345493,0.0075901696,0.006375157,0.0056904824,0.006426487,0.007840141,0.007733868,0.006535692,0.007383476,0.0072581205,0.004919283,0.0063361097,0.0054834113,0.005563427,0.0066662473,0.007038384,0.0053179306,0.0058852904,0.004957968,0.0049169525,0.0045612706,0.0050574136,0.005937602,0.0051560416,0.0046493807,0.0055228607,0.00490642,0.0047840117,0.0047211573,0.004954456,0.004608857,0.0041776546,0.0045988406,0.004408456,0.0043393373,0.0046782796,0.0044559734,0.004300439,0.004603837,0.0044631646,0.004083742,0.0039901114,0.004277856,0.0044860453,0.0041191876,0.0037468665,0.003767332,0.003632285,0.0027497846,0.0032110633,0.0040974673,0.0040837834,0.003734368,0.0035567258,0.0036357725,0.0034780425,0.0026081738,0.0022674913,0.0025329792,0.0027325477,0.0031929708,0.0031676188,0.0029598104,0.0027089568,0.0030009795,0.0024540417,0.0027667645,0.0023237253,0.002018098,0.002336969,0.0027741443,0.002743284,0.0025959446,0.002720324,0.0023542428,0.0019371457,0.002167957,0.0022902507,0.0020872625,0.0022081756,0.0019425185,0.002150986,0.0022129633,0.0017868947,0.001903774,0.0018802872,0.001604677,0.001874761,0.0019494941,0.0018741841,0.0016540072,0.0017394953,0.0018341328,0.00179389,0.0017953031,0.0015899518,0.0016323058,0.001599171,0.0017704333,0.0015088646,0.0014032368,0.0014568695,0.0015303023,0.0015223565,0.0014047199,0.0014088652,0.0014469493,0.0014493172,0.0014477416,0.0014532921,0.0014173785,0.0014256284,0.0013821974,0.0014048512,
"/mnt/share/Music/Albums/B.B. King/1998 - Blues On The Bayou/12 - B.B. King - Tell Me Baby.mp3",0.20545524,0.24079286,0.09446422,0.09070053,0.06384444,0.052599028,0.031868402,0.04525126,0.037861347,0.033236284,0.021758275,0.031283583,0.02027498,0.032482047,0.025246885,0.04007651,0.025101114,0.030193137,0.027614309,0.027661735,0.023527442,0.017042207,0.027822973,0.029402068,0.019426918,0.021783771,0.022348389,0.025891488,0.021385629,0.02330142,0.026862498,0.024441566,0.020135153,0.016905133,0.01701553,0.016289951,0.017655266,0.016140627,0.021977566,0.01858503,0.017007113,0.013870155,0.013327078,0.011732711,0.013604637,0.019945472,0.02044412,0.014251429,0.015567201,0.013277324,0.014933696,0.017900959,0.016021837,0.012998072,0.012827084,0.0125304265,0.013588634,0.011508256,0.0123161925,0.013874438,0.01463149,0.01697229,0.016363015,0.014262154,0.013772193,0.017924476,0.017038746,0.015573947,0.0133514535,0.015646158,0.017543348,0.022252327,0.014065344,0.014892934,0.015673323,0.012989185,0.014298399,0.014058262,0.016945511,0.018363865,0.013534079,0.01290997,0.015649209,0.012428964,0.013361211,0.011429966,0.014909385,0.01216114,0.010380628,0.012980298,0.010784171,0.011170835,0.009596108,0.010483455,0.01156891,0.011898999,0.011196086,0.009007839,0.0096856905,0.011809099,0.011496535,0.011174544,0.008902029,0.011792116,0.010464811,0.013564843,0.011985968,0.012198393,0.011053133,0.013557093,0.012233907,0.009687756,0.011103948,0.01537262,0.015921915,0.015372354,0.0103356335,0.010099408,0.010402699,0.015012524,0.012301533,0.01114368,0.011840981,0.011619998,0.012334713,0.014456023,0.010620992,0.012112524,0.00899281,0.010280147,0.011810497,0.010671638,0.010155424,0.012062474,0.010677724,0.0089587765,0.009478419,0.008873141,0.009242803,0.010454104,0.011953594,0.009013988,0.009647203,0.01011185,0.008828632,0.009656292,0.010004327,0.011017949,0.010618912,0.008531478,0.007988655,0.006426341,0.008284232,0.00871712,0.008515257,0.011504367,0.011227646,0.01002029,0.0075370204,0.00675287,0.0059502493,0.0059835715,0.0068942746,0.010957804,0.009774719,0.009132453,0.0113091655,0.007641891,0.006062543,0.005707835,0.005892531,0.006864328,0.009301688,0.008993215,0.00884656,0.009829658,0.009170136,0.00593172,0.005600555,0.005629971,0.0065517025,0.008307458,0.007993173,0.0076671457,0.0085348,0.0070252423,0.0053974367,0.0039251014,0.004148881,0.0044422788,0.00724376,0.0061853775,0.0057988465,0.0059601683,0.007590541,0.0057487893,0.004473668,0.003077971,0.0032249338,0.0063820602,0.005033179,0.00519586,0.004716536,0.005689195,0.006064284,0.0046213176,0.0031193744,0.002595931,0.0041739484,0.0059241042,0.0042381813,0.0044544498,0.004177724,0.0045764465,0.0044462425,0.0044307346,0.0027629565,0.0025114857,0.005037268,0.004093162,0.0031062386,0.0029115446,0.0037362033,0.0036727202,0.002899877,0.004058548,0.0034593693,0.0023667454,0.0036383262,0.0031441627,0.0022531825,0.0018912399,0.0023991328,0.0030545963,0.0029900295,0.0021408373,0.0028173167,0.0022376457,0.003117009,0.002455695,0.0019302765,0.0017832422,0.0021088321,0.0024277242,0.0024801164,0.001998601,0.001898267,0.0020747045,0.0022940245,0.0019015016,0.0016328756,0.0016314356,0.0017207183,0.0017896843,0.0018638513,
"/mnt/share/Music/Albums/B.B. King/1998 - Blues On The Bayou/13 - B.B. King - I Got Some Outside Help I Don't Need.mp3",0.21989216,0.2382662,0.062274966,0.061411712,0.053819794,0.054380853,0.045374252,0.045524035,0.038662147,0.03238679,0.051463008,0.028225992,0.038731553,0.033410337,0.029515333,0.051131688,0.02063682,0.034287363,0.03271417,0.029151281,0.041273154,0.022827411,0.022598062,0.02823562,0.024696914,0.040514354,0.0330954,0.033360887,0.023383182,0.025583971,0.04315991,0.032951627,0.019900402,0.018244505,0.02733018,0.022515792,0.023331337,0.018675625,0.020146813,0.017372692,0.017361054,0.018969616,0.013822961,0.014373111,0.009848399,0.011382196,0.011470535,0.011749434,0.008796472,0.009233364,0.010074126,0.01082377,0.010432673,0.010748162,0.010002757,0.012175128,0.0122850835,0.009748359,0.009941593,0.009392358,0.011192236,0.0107782055,0.009144312,0.009485525,0.009008673,0.0083723655,0.0095379315,0.010016822,0.010266505,0.008000737,0.008254467,0.007877947,0.009947345,0.009524293,0.008290236,0.008249339,0.008869229,0.0089237355,0.008621745,0.00877534,0.009941328,0.009101468,0.0074663437,0.0068851206,0.0078111957,0.008262046,0.008010511,0.0068220207,0.005886308,0.008517336,0.0076962328,0.0072667394,0.007488864,0.0076490464,0.00686263,0.00678089,0.0073714918,0.0066233496,0.008360126,0.00846,0.008887328,0.008317091,0.0076524625,0.00750577,0.007457452,0.009455544,0.009727014,0.009184256,0.00856278,0.007125932,0.0071325717,0.0070367414,0.010072045,0.008382214,0.011186509,0.0117549505,0.0082786055,0.0073840474,0.0072217705,0.007765905,0.009438276,0.009518938,0.010561479,0.011620466,0.011814807,0.011600909,0.008009453,0.01136971,0.008334642,0.009870329,0.012043133,0.011176769,0.0101735825,0.010625036,0.010379045,0.008739089,0.010103075,0.010550434,0.008807002,0.010989091,0.012241269,0.0090102,0.01029737,0.0119282175,0.011353394,0.012298364,0.01096475,0.013437849,0.01056833,0.008518991,0.007948354,0.006137612,0.00974862,0.010027599,0.010538267,0.014956352,0.015004459,0.010865927,0.009002009,0.0069308816,0.005937223,0.005733562,0.0069810487,0.011329417,0.011976555,0.010675265,0.014406753,0.009485428,0.006992768,0.0064994986,0.006256958,0.0060422984,0.008730595,0.010859944,0.012370394,0.01014702,0.01170502,0.006581477,0.0068692155,0.0053836196,0.005728565,0.007867442,0.009864399,0.0116893,0.011761644,0.010202457,0.008033878,0.0038606443,0.0041795336,0.0044012754,0.00691081,0.008345596,0.00781277,0.010580129,0.0110891955,0.009290075,0.0054951236,0.0030059912,0.0029314954,0.005203257,0.0046138433,0.006435534,0.007044275,0.009169207,0.008642973,0.007981407,0.004457281,0.0031064048,0.0038344795,0.00501963,0.0038917903,0.0050454703,0.006015301,0.007818761,0.005612066,0.006016674,0.004081633,0.0024066083,0.0045605735,0.0038796456,0.0029697183,0.0030217269,0.004717448,0.005999077,0.004046231,0.0041272156,0.0046716756,0.0023729324,0.003365863,0.00293302,0.0021873177,0.0019248758,0.0028996835,0.0047308635,0.00481112,0.0021924726,0.0025927983,0.0025666303,0.002178895,0.0023116437,0.0018755198,0.0016113544,0.0017964244,0.0023402073,0.002831069,0.0023430353,0.0018604633,0.002041634,0.0022012433,0.0017802918,0.0015632499,0.001525841,0.0016081373,0.001640893,0.001927894,
"/mnt/share/Music/Albums/B.B. King/1998 - Blues On The Bayou/14 - B.B. King - Blues In G.mp3",0.1531994,0.16595852,0.06028623,0.06651694,0.08794576,0.06940063,0.04620888,0.031752925,0.03162383,0.042738512,0.040116984,0.03372461,0.03184051,0.0361517,0.01803154,0.027938128,0.037785694,0.023617815,0.051523756,0.02615163,0.027748391,0.021671098,0.029757129,0.022936342,0.02237595,0.018700771,0.020887803,0.03838409,0.02222701,0.019213384,0.027611393,0.028443648,0.035463717,0.022467406,0.02592095,0.017981604,0.045438174,0.026597776,0.017074116,0.013008495,0.012464934,0.02040771,0.017311439,0.014173171,0.0121010635,0.015882231,0.015871476,0.010222789,0.009407964,0.011926699,0.012109889,0.009266121,0.008775613,0.009664222,0.011258293,0.012763732,0.011371288,0.010229511,0.010014379,0.011397736,0.011491074,0.011536643,0.010270168,0.009004513,0.010354818,0.009235168,0.009242073,0.00918808,0.009706368,0.008846872,0.009020393,0.008068883,0.009633596,0.009453902,0.008853534,0.008461009,0.009089249,0.008680829,0.008509008,0.00905516,0.009033257,0.0081600705,0.0072932504,0.007191259,0.0077452883,0.0073076934,0.0073321983,0.0069935117,0.0065822187,0.007449429,0.0070063598,0.0071015977,0.0074219806,0.007308065,0.006613047,0.00676512,0.007601232,0.007221497,0.007426695,0.007971209,0.00768543,0.0074172104,0.0077413623,0.007434417,0.007040701,0.0075027845,0.008270615,0.008453846,0.0077871764,0.0070866593,0.0067072813,0.0066537308,0.008037835,0.007606474,0.01020932,0.009634785,0.0073141265,0.006984772,0.006925388,0.0073999558,0.008126636,0.007804464,0.008882358,0.009542182,0.010042519,0.008505693,0.007108754,0.009123144,0.0070132534,0.008540803,0.009414122,0.00820557,0.0088964775,0.00831887,0.008165069,0.0076599126,0.008957643,0.007512059,0.0075373207,0.009214043,0.009539246,0.0071050865,0.009051307,0.008588497,0.008131837,0.009315008,0.008979303,0.011418287,0.008780833,0.0071220086,0.0064306185,0.0058272528,0.008120114,0.007424195,0.008700007,0.011376804,0.0103721395,0.009634129,0.0072328206,0.005660207,0.005418411,0.005262439,0.006654479,0.0110329995,0.009594622,0.009760005,0.010702738,0.0064266804,0.005299521,0.0048190188,0.0054202233,0.00660084,0.008878466,0.009199503,0.009667528,0.009964848,0.009808853,0.0056787217,0.0050702966,0.004740315,0.0073077776,0.008427845,0.007737779,0.009206451,0.008222128,0.009469623,0.0057699606,0.003952916,0.0040107174,0.0055825934,0.007899503,0.0068457923,0.006349233,0.0085570095,0.007308185,0.008033503,0.004060123,0.0028799975,0.004142184,0.007403817,0.005175418,0.005948258,0.0056498493,0.006782923,0.005516545,0.0057658413,0.003110021,0.0032911815,0.005347593,0.0054981955,0.004617992,0.005044053,0.0051876362,0.0060498896,0.0044304775,0.0042172065,0.0028894057,0.0028326772,0.005510059,0.004245455,0.003351136,0.0034783736,0.004311307,0.0039069764,0.0025696629,0.004064061,0.0044146846,0.0027046022,0.0041346047,0.003173249,0.0021411332,0.001991854,0.0026389512,0.004072917,0.0030308545,0.0022823885,0.0025983395,0.0024914145,0.0027524505,0.0025535738,0.0017957189,0.0017705541,0.0019739575,0.0023093065,0.002578816,0.0021332286,0.0018249517,0.0021141637,0.0022993817,0.0017410299,0.0014900275,0.0014958046,0.0016012484,0.0016529035,0.0019094312,
"/mnt/share/Music/Albums/B.B. King/1998 - Blues On The Bayou/15 - B.B. King - If That Ain't It I Quit.mp3",0.1996252,0.19701488,0.08286186,0.060185675,0.04890031,0.049903028,0.06355843,0.055037323,0.034817513,0.029828802,0.022693776,0.019139538,0.04494313,0.027365156,0.026160968,0.023790337,0.023138382,0.016453682,0.03266975,0.0164258,0.02165642,0.025086174,0.02176305,0.02118432,0.030738749,0.020594452,0.013364676,0.022807406,0.01645546,0.020329122,0.028087849,0.02169378,0.016647939,0.0110143395,0.013127618,0.015958594,0.026840594,0.027195415,0.014216645,0.013426607,0.013933967,0.015528444,0.014760379,0.013795325,0.013303557,0.013722919,0.013844398,0.012208835,0.012640165,0.015704794,0.015950723,0.014388209,0.015597168,0.013764225,0.0124905445,0.015362219,0.016352221,0.013199382,0.01364541,0.013479975,0.016030941,0.016992621,0.016445812,0.012721455,0.01155571,0.012906047,0.015445259,0.013347282,0.013167551,0.0119505245,0.012218744,0.013466275,0.012916756,0.013592892,0.012787127,0.011110349,0.011991171,0.012258719,0.012712761,0.012872738,0.013819607,0.013095892,0.012529263,0.010162889,0.01279213,0.010408362,0.013096063,0.012596834,0.011623991,0.0131477285,0.011604817,0.0118136015,0.010742883,0.011532383,0.011498664,0.011591514,0.0126519,0.010996773,0.011552523,0.01232513,0.013579774,0.011454214,0.011760688,0.01189519,0.011099299,0.013075546,0.013879561,0.013873139,0.012697838,0.0113059515,0.010541559,0.010043263,0.013559682,0.013021422,0.016089099,0.017728461,0.011459311,0.011509721,0.011283768,0.013024287,0.013764468,0.013931097,0.01381406,0.015161369,0.01603867,0.016334709,0.012385397,0.014432496,0.011175733,0.012984303,0.016401641,0.01441314,0.012882768,0.0146643985,0.01429608,0.011645957,0.011022644,0.01231009,0.011870052,0.015117201,0.016344327,0.012419094,0.012788407,0.0136201605,0.010801135,0.01230529,0.013108857,0.013947263,0.012866674,0.011789551,0.011346414,0.008311895,0.011678321,0.011579581,0.011587405,0.01598873,0.016061017,0.012374092,0.009311046,0.008069387,0.007706775,0.007409265,0.0086987745,0.013869929,0.013611321,0.01161052,0.014428584,0.009857642,0.008119938,0.008163791,0.007984953,0.008469095,0.010413787,0.011513664,0.013494192,0.01170632,0.011635457,0.008069651,0.009361475,0.008039858,0.008331043,0.00982969,0.00992213,0.011757989,0.011912175,0.009700287,0.00844941,0.0067824945,0.0074047656,0.006586883,0.009409816,0.009437736,0.00888778,0.011810305,0.010959681,0.008800973,0.007133974,0.0048912447,0.0046940343,0.008105258,0.007218386,0.007707469,0.007996571,0.00960214,0.008701492,0.007667299,0.0050861365,0.004555048,0.0055688196,0.007180544,0.005508781,0.0076307137,0.0073140445,0.008965118,0.0071471324,0.0059690056,0.004241737,0.0036507037,0.0064209537,0.005537785,0.004021784,0.004453898,0.006776796,0.0069123413,0.0050029648,0.004429624,0.004899112,0.0034136218,0.0050465087,0.0040321853,0.003165865,0.0028831714,0.004398506,0.00641191,0.0059471126,0.0029208898,0.0031838869,0.002980651,0.0035286546,0.0035282688,0.0027845788,0.0018941207,0.0023070397,0.003302346,0.0040261103,0.003116618,0.0023614229,0.00251915,0.0025010493,0.0020580923,0.0016988072,0.0016725768,0.0019928438,0.0020252278,0.002464536,
"mean",0.205442997333333,0.209209229333333,0.0699857384666667,0.0613448668666667,0.0643033720666667,0.0515363232666667,0.0411690186666667,0.0402105506666667,0.0381334824,0.0355732082,0.0298644297333333,0.0286477704666667,0.0321665986,0.0312452964,0.0289103270666667,0.0261631349333333,0.0274188895333333,0.0250303912,0.0290240589333333,0.0279937391666667,0.0227060264666667,0.0220877759333333,0.0218728966,0.024927966,0.027244546,0.0227865273333333,0.019642322,0.0265681635333333,0.0260602500666667,0.0268532328,0.0255688400666667,0.0222398946,0.0265049082666667,0.0202763403,0.0223047998666667,0.0178901614666667,0.0244496882,0.0191531922,0.021370636,0.0165617079666667,0.0156689894,0.0154958843,0.0144729585333333,0.0158702842333333,0.0130409922666667,0.0146438374666667,0.014380828,0.0118463815866667,0.0132097021866667,0.0133363813333333,0.0127601176,0.0130271152,0.0124606275666667,0.0110032711333333,0.01074038834,0.0114136182666667,0.0120674699333333,0.0113659555666667,0.0108874000333333,0.0109637362,0.0120980777,0.012679817,0.0124871896933333,0.0108004889133333,0.01072444636,0.01195999114,0.0122420351,0.0114014608133333,0.0115195351,0.011109379,0.0112774407066667,0.0121864116666667,0.0113466443666667,0.01179571774,0.0112398090333333,0.0101168115933333,0.0107215123466667,0.0107618935466667,0.0116188448666667,0.0111387704933333,0.0109133191666667,0.0100414225733333,0.0103529560533333,0.00894740958666667,0.00986279118,0.0087909046,0.01005723036,0.00969692946,0.00818370989333334,0.00998832142,0.00864061543333333,0.00907568842,0.00795578310666667,0.00855872832,0.0088910821,0.00914528025333333,0.00926973086,0.00798635296666667,0.00857685596666667,0.00910443454666667,0.00927961085333333,0.00900430219333333,0.00798092820666667,0.00914274911333333,0.00864169805333334,0.0100833181466667,0.00986353684666667,0.00921889066666667,0.00915514405333333,0.00941323450666667,0.00887094594,0.00812017035333333,0.00976738179333333,0.0099738911,0.0112386702666667,0.0112981441666667,0.00849004012,0.00859766878,0.00855756991333333,0.00954277392666667,0.00945584966666667,0.00954735916,0.00930191478666667,0.0100798478533333,0.0102694660666667,0.0101684457866667,0.00846307726666667,0.00979210538666667,0.0074269785,0.00846670016,0.00957458240666667,0.00946147894666667,0.00861203777333333,0.00933919090666667,0.00881064841333333,0.00723595352,0.00776007659333333,0.00840426569333333,0.00787192138666667,0.00930122698666667,0.0093994377,0.00805815178,0.00815392865333333,0.00756644195333334,0.00679724032666667,0.00741230418666667,0.00823130968666667,0.00865731677333333,0.00760871682,0.00770454733333333,0.0075864862,0.00553305814666667,0.00678735492666667,0.00648562451333333,0.00661118242666667,0.00821987534,0.00833570891333333,0.00670788625333333,0.00648784869333333,0.00566855153333333,0.00515458364,0.00501341294,0.00553357148,0.00713798912,0.00682077385333333,0.00624040285333333,0.00745939200666667,0.00575951072,0.00500649238666667,0.00507918468,0.00514720774,0.0051918092,0.00587248339333333,0.00623769709333333,0.0063511757,0.00619591907333333,0.00624323366666667,0.00513742983333333,0.00499537240666667,0.00482503636,0.00490650556666667,0.00536545180666667,0.0054043671,0.00592473258666667,0.00601100243333333,0.00562902524,0.00460919846,0.00379788074,0.00370999106,0.00333590810666667,0.00431241807333333,0.00453905555333333,0.0045682675,0.00507175732666667,0.00487445778,0.00438876280666667,0.00357855642,0.00261044377333333,0.00253799356666667,0.00358110432666667,0.00328425143333333,0.00376414227333333,0.00366293620666667,0.00405480954666667,0.00387532240666667,0.0036802014,0.00266067303333333,0.00244554712,0.00274448686666667,0.00310955318,0.00275540632666667,0.00318439725333333,0.00319229657333333,0.00359406526666667,0.00314791304666667,0.00297048156666667,0.00226724616,0.00205549383333333,0.00288596594666667,0.00260822619333333,0.00234166525333333,0.00227839637333333,0.00280127327333333,0.00289180836666667,0.00229911699333333,0.00247748341333333,0.00252272732666667,0.00189039784,0.00236252066,0.00220003219333333,0.00188120689333333,0.00176482612666667,0.00211073998,0.0025903207,0.00243560624666667,0.00181177908666667,0.00191144985333333,0.00182579624666667,0.00193569481333333,0.00193606226666667,0.00169388308666667,0.00155297406,0.00165618834,0.00185542251333333,0.00194368774666667,0.00172689265333333,0.00160866898666667,0.00168495546666667,0.00172522699333333,0.00159226514,0.00149845126666667,0.00148805713333333,0.001539213,0.00153983482666667,0.00162436234666667,3.08106379145333
"norm mean",0.0666792417291776,0.067901622132481,0.0227147969674638,0.019910287815797,0.0208705098041267,0.0167267952742897,0.0133619494607242,0.0130508659957668,0.0123767260209866,0.0115457551702362,0.00969289562136795,0.00929801276628341,0.0104400949727909,0.0101410741597342,0.00938322898307461,0.00849159144510677,0.00889916320765299,0.00812394448613257,0.00942014216448363,0.00908573825842861,0.00736954117264683,0.00716887978580754,0.00709913785643581,0.00809070103291874,0.00884257770824952,0.00739566879353217,0.00637517537108011,0.00862304883366312,0.00845819880099726,0.00871557183414673,0.00829870518669329,0.0072182519108147,0.00860251850032756,0.00658095439511679,0.0072393177734712,0.00580648849799631,0.00793546964779562,0.00621642182584135,0.00693612253640471,0.00537532134602592,0.00508557772918066,0.00502939417969357,0.0046973900941228,0.00515091062942496,0.00423262650479406,0.0047528511117776,0.00466748791112066,0.00384489981010057,0.00428738354048673,0.00432849893284507,0.00414146491721324,0.00422812251928583,0.00404426146619607,0.00357125716249553,0.00348593507534415,0.00370444075138181,0.00391665695686266,0.00368897119176665,0.00353364966461722,0.0035584255770402,0.00392659111231623,0.00411540229552305,0.00405288255568482,0.00350544151123815,0.00348076089490549,0.00388177329309968,0.00397331439029552,0.00370049488912246,0.00373881746037016,0.00360569587387859,0.00366024252336142,0.00395526106939784,0.00368270348641969,0.00382845618864515,0.00364802866610935,0.00328354499552937,0.00347980862207638,0.00349291487457009,0.00377104975849464,0.00361523527173684,0.00354206206211617,0.00325907649208289,0.00336018880298803,0.00290400010914613,0.00320109931101028,0.00285320434597472,0.00326420711830053,0.00314726669629452,0.00265613127389131,0.00324184181051588,0.00280442600938735,0.00294563470096768,0.00258215462099015,0.00277784846381349,0.00288571827842814,0.0029682216508148,0.00300861374104412,0.00259207647333375,0.00278373203127384,0.00295496463653942,0.00301182042354149,0.00292246535703372,0.00259031579573433,0.00296740013585396,0.0028047773880258,0.00327267425446923,0.00320134132698825,0.00299211288394588,0.00297142307755169,0.00305518974737828,0.00287918282140325,0.00263550867588596,0.00317013293279659,0.00323715825932164,0.00364765906432772,0.00366696210510375,0.00275555480011508,0.00279048710508668,0.00277747248761011,0.00309723347927352,0.00306902106113368,0.00309872167739069,0.00301905946007011,0.00327154792487392,0.00333309102367614,0.00330030355582811,0.00274680364948713,0.00317815730197775,0.00241052409255594,0.00274797950743054,0.00310755734211863,0.00307084811840384,0.00279515075190022,0.00303115791778572,0.00285961246170024,0.00234852440902784,0.00251863548390633,0.0027277155755899,0.00255493619070882,0.00301883622548409,0.00305071181131446,0.00261537972772676,0.00264646537859806,0.00245578880071297,0.00220613424023279,0.00240576135009859,0.00267158041631588,0.0028098466501564,0.00246950966776672,0.0025006127282094,0.00246229442604999,0.00179582719514442,0.00220292580293025,0.00210499520695548,0.00214574668820738,0.00266786924788815,0.0027054645659905,0.0021771331940418,0.00210571709398883,0.00183980336566141,0.00167298828875224,0.00162716947111153,0.00179599380426649,0.00231672876744724,0.00221377235753888,0.00202540527419257,0.00242104432480708,0.00186932537261205,0.00162492331400419,0.00164851655914731,0.00167059434286236,0.00168507033655121,0.00190599214778455,0.00202452708400141,0.00206135806652811,0.00201096747510402,0.00202632405209687,0.00166742079394274,0.00162131417743557,0.00156602936082801,0.00159247126926647,0.00174142834093539,0.00175405881403409,0.00192295031446654,0.00195095033410456,0.00182697458443235,0.00149597631596776,0.00123265242041891,0.00120412666245057,0.00108271309277018,0.00139965231661081,0.00147321050798246,0.00148269163159558,0.00164610591339763,0.00158206973627791,0.00142443100945875,0.0011614678118404,0.000847254049258743,0.000823739376544846,0.00116229476864465,0.00106594723629015,0.00122170215487742,0.00118885438750973,0.00131604206245727,0.00125778713748691,0.00119445803433497,0.000863556619864173,0.000793734659692469,0.000890759507894543,0.00100924660781958,0.000894303563045329,0.00103353824161857,0.00103610207039158,0.00116650141312762,0.0010216968098482,0.000964109076516554,0.000735864725128117,0.000667137707124123,0.000936678414342522,0.000846534304342669,0.000760018426047834,0.000739483674324905,0.000909190287167659,0.000938574649018418,0.000746208825572172,0.00080410000604522,0.000818784516459719,0.000613553619124615,0.000766787324090295,0.000714049543354499,0.000610570575835423,0.000572797658900208,0.000685068574644593,0.000840722839684585,0.000790508217785973,0.000588036863012191,0.000620386328460828,0.000592586317664472,0.000628255350863823,0.000628374612702657,0.000549772157059969,0.000504038268960171,0.000537537828523433,0.000602201914312892,0.000630849563082182,0.00056048584846689,0.000522114793964672,0.00054687457992289,0.000559945236485852,0.000516790708591246,0.000486342175330245,0.000482968621896471,0.000499571934949765,0.000499773757017971,0.000527208281494379,
